id 	 Energy 	 RxCoord 	 Y1
1 	 -0.09876 	 -2.92158 	 1.23754
2 	 -0.09858 	 -2.81330 	 1.23653
3 	 -0.09822 	 -2.70505 	 1.23500
4 	 -0.09770 	 -2.59683 	 1.23263
5 	 -0.09701 	 -2.48863 	 1.22905
6 	 -0.09614 	 -2.38047 	 1.22390
7 	 -0.09507 	 -2.27233 	 1.21682
8 	 -0.09378 	 -2.16420 	 1.20756
9 	 -0.09222 	 -2.05606 	 1.19596
