id 	 Energy 	 RxCoord 	 Z2
1 	 -0.09876 	 -2.92158 	 1.36758
2 	 -0.09858 	 -2.81330 	 1.36015
3 	 -0.09822 	 -2.70505 	 1.35245
4 	 -0.09770 	 -2.59683 	 1.34428
5 	 -0.09701 	 -2.48863 	 1.33558
6 	 -0.09614 	 -2.38047 	 1.32635
7 	 -0.09507 	 -2.27233 	 1.31675
8 	 -0.09378 	 -2.16420 	 1.30697
9 	 -0.09222 	 -2.05606 	 1.29727
