id 	 Energy 	 RxCoord
1 	 -0.09876 	 -2.92158
2 	 -0.09858 	 -2.81330
3 	 -0.09822 	 -2.70505
4 	 -0.09770 	 -2.59683
5 	 -0.09701 	 -2.48863
6 	 -0.09614 	 -2.38047
7 	 -0.09507 	 -2.27233
8 	 -0.09378 	 -2.16420
9 	 -0.09222 	 -2.05606
